Número de identificación,Nombre del empleado,Correo electrónico laboral,Teléfono laboral,Teléfono celular laboral,Departamento,Género,Puesto de trabajo
21-093-9480,Corliss Karoly,ckaroly0@mit.edu,4473340606,3868758778,Administración y Contabilidad,Femenino,Chofer repartidor
18-838-0450,Roch Hagan,rhagan1@psu.edu,4255632016,4724357357,Marketing,Femenino,Secretaria
38-479-2273,Kayne Tyrone,ktyrone2@shinystat.com,7906847740,1131926416,Finanzas y Control de gestión,Masculino,Secretaria
33-653-8493,Lev Uwins,luwins3@springer.com,7881836939,2102107998,Comercial,Masculino,Consultor gerencial
19-536-3748,Ingemar Pagin,ipagin4@usnews.com,6568863495,7078983884,Finanzas y Control de gestión,Masculino,Consultor gerencial
64-945-2427,Kath Kanzler,kkanzler5@usgs.gov,9619321184,1244539422,Administración y Contabilidad,Femenino,Auxiliar de contabilidad
34-044-6181,Hubie Amiss,hamiss6@nifty.com,6841321964,1647807448,Marketing,Masculino,Auxiliar de inventarios
42-021-9381,Karoly Chawkley,kchawkley7@blinklist.com,8655008343,3798361802,Administración y Contabilidad,Femenino,Analista de sistemas
05-807-1191,Helenelizabeth Grieve,hgrieve8@artisteer.com,6535615365,5041990700,Finanzas y Control de gestión,Masculino,Auditor
85-858-6905,Pierette Gambie,pgambie9@acquirethisname.com,4756033035,3903150309,Compras,Femenino,Auxiliar de contabilidad
01-192-6261,Saundra Giordano,sgiordanoa@gnu.org,6896500203,1743971293,Finanzas y Control de gestión,Masculino,Auxiliar de contabilidad
20-024-6308,Gertie Moncey,gmonceyb@blinklist.com,6101051649,8349146924,Compras,Femenino,Gerente de compras
47-348-2107,Micah Simonnot,msimonnotc@liveinternet.ru,5383553831,7168991336,Comercial,Femenino,Administrador
05-317-4024,Kaine Naul,knauld@slate.com,7454489683,4077846797,Compras,Masculino,Gerente de compras
81-897-6278,Clevey Keeney,ckeeneye@time.com,3947118674,9368302550,Comercial,Femenino,Auxiliar de contabilidad
07-910-6747,Barrie Ringwood,bringwoodf@independent.co.uk,8357004913,9958132162,Marketing,Masculino,Analista de sistemas
39-704-3701,Roseanna Salla,rsallag@utexas.edu,6426831735,2278300150,Finanzas y Control de gestión,Masculino,Analista de sistemas
96-291-5306,Marlane Ould,mouldh@squidoo.com,7961465553,5827642711,Compras,Femenino,Analista de sistemas
92-585-8123,Jakie Geck,jgecki@imgur.com,6319574715,6223128088,Marketing,Masculino,Chofer repartidor
05-420-0914,Fawn Pittle,fpittlej@canalblog.com,5401750253,1792595629,Marketing,Masculino,Administrador
65-940-9203,Kessia Knoller,kknollerk@sohu.com,7298387544,5265841835,Administración y Contabilidad,Femenino,Chofer repartidor
04-412-2269,Nari Savary,nsavaryl@elegantthemes.com,9396829444,9173795136,Finanzas y Control de gestión,Masculino,Secretaria
86-553-4150,Barbee Hune,bhunem@skype.com,5592533695,9012364485,Marketing,Masculino,Auxiliar de inventarios
00-457-1041,Seka Howkins,showkinsn@shinystat.com,3186746345,2041154872,Marketing,Masculino,Asistente administrativo
65-375-9500,Kirbie Badini,kbadinio@dagondesign.com,2888251704,7794116027,Finanzas y Control de gestión,Femenino,Secretaria
68-863-6187,Arabella Parkin,aparkinp@360.cn,6158940510,7649421677,Administración y Contabilidad,Masculino,Secretaria
54-122-7609,Bayard Butterly,bbutterlyq@ibm.com,4829432506,6843680144,Marketing,Femenino,Auxiliar de inventarios
19-469-5967,Orella Phillips,ophillipsr@jiathis.com,9893518795,6232941587,Finanzas y Control de gestión,Masculino,Auxiliar de contabilidad
04-464-6278,Dede Brodhead,dbrodheads@spiegel.de,1201777243,3565782760,Marketing,Femenino,Auxiliar de contabilidad
60-231-7469,Paquito Eglin,peglint@cpanel.net,3983033361,1583914915,Compras,Femenino,Consultor gerencial
08-310-0120,Shawn Ludwell,sludwellu@123-reg.co.uk,4257611206,1062708351,Finanzas y Control de gestión,Masculino,Auxiliar de inventarios
28-678-4127,Noble Castagnet,ncastagnetv@arizona.edu,8151950406,2353905158,Finanzas y Control de gestión,Femenino,Analista de sistemas
09-583-8249,Gan Fraczak,gfraczakw@loc.gov,1558894727,1008375294,Comercial,Masculino,Chofer repartidor
14-304-9540,Elisabet Greenshiels,egreenshielsx@nhs.uk,8315890766,3078730873,Compras,Femenino,Auditor
49-388-0077,Sheffy Twinberrow,stwinberrowy@upenn.edu,5495504176,3349154893,Comercial,Masculino,Auxiliar de contabilidad
61-489-9037,Katuscha Chivrall,kchivrallz@e-recht24.de,6023289391,2439643681,Comercial,Femenino,Consultor gerencial
93-264-5679,Merrile Pusey,mpusey10@mediafire.com,1453013926,5379301268,Finanzas y Control de gestión,Masculino,Chofer repartidor
42-108-4432,Ferdie Kapelhof,fkapelhof11@chron.com,8487816157,7547077454,Marketing,Femenino,Analista de sistemas
12-846-0868,Barri Steuart,bsteuart12@51.la,1836478159,2487110520,Administración y Contabilidad,Masculino,Administrador
36-601-5971,Saundra Silcock,ssilcock13@eepurl.com,6483597470,8567501817,Administración y Contabilidad,Masculino,Asistente administrativo
54-435-8486,Garnet Comer,gcomer14@wufoo.com,4588839644,7938957005,Administración y Contabilidad,Femenino,Auditor
00-295-7630,Xenia People,xpeople15@mapquest.com,6934240775,8005197162,Finanzas y Control de gestión,Femenino,Auxiliar de inventarios
83-920-9235,Crystie Glendzer,cglendzer16@tuttocitta.it,9899403899,9038389249,Compras,Masculino,Analista de sistemas
50-109-6165,Miguel Possell,mpossell17@sakura.ne.jp,6781557272,8628946005,Marketing,Femenino,Auxiliar de contabilidad
88-469-5666,Miof mela Horley,mmela18@fda.gov,4957803038,4023767898,Finanzas y Control de gestión,Femenino,Administrador
85-634-7102,Leicester Pillinger,lpillinger19@java.com,6028785616,4028311135,Comercial,Masculino,Gerente de compras
17-924-5828,Lauree Ransfield,lransfield1a@squarespace.com,9001353189,9066132422,Compras,Femenino,Secretaria
77-831-7108,Yank Kirk,ykirk1b@examiner.com,4245259449,9831579086,Comercial,Femenino,Secretaria
62-138-9788,Iolande Quemby,iquemby1c@scribd.com,4068654245,6493831693,Marketing,Femenino,Auxiliar de contabilidad
22-734-5766,Shelby Haycock,shaycock1d@smugmug.com,8876900883,3569057823,Marketing,Masculino,Auditor
